{
  "project_info": {
    "project_number": "205563217511",
    "firebase_url": "https://notes-9a1d1-default-rtdb.europe-west1.firebasedatabase.app",
    "project_id": "notes-9a1d1",
    "storage_bucket": "notes-9a1d1.appspot.com"
  },
  "client": [
    {
      "client_info": {
        "mobilesdk_app_id": "1:205563217511:android:a5055dfecf32047eb076c2",
        "android_client_info": {
          "package_name": "com.example.notes"
        }
      },
      "oauth_client": [
        {
          "client_id": "205563217511-fknroo66vm9ec7f8qolcjkp7qsoi681r.apps.googleusercontent.com",
          "client_type": 3
        }
      ],
      "api_key": [
        {
          "current_key": "AIzaSyC3PTgib6z3hFwJjCULWAg9yay98-KNneU"
        }
      ],
      "services": {
        "appinvite_service": {
          "other_platform_oauth_client": [
            {
              "client_id": "205563217511-fknroo66vm9ec7f8qolcjkp7qsoi681r.apps.googleusercontent.com",
              "client_type": 3
            }
          ]
        }
      }
    },
    {
      "client_info": {
        "mobilesdk_app_id": "1:205563217511:android:bc29b7a0801ebdd4b076c2",
        "android_client_info": {
          "package_name": "com.example.notesapp"
        }
      },
      "oauth_client": [
        {
          "client_id": "205563217511-fknroo66vm9ec7f8qolcjkp7qsoi681r.apps.googleusercontent.com",
          "client_type": 3
        }
      ],
      "api_key": [
        {
          "current_key": "AIzaSyC3PTgib6z3hFwJjCULWAg9yay98-KNneU"
        }
      ],
      "services": {
        "appinvite_service": {
          "other_platform_oauth_client": [
            {
              "client_id": "205563217511-fknroo66vm9ec7f8qolcjkp7qsoi681r.apps.googleusercontent.com",
              "client_type": 3
            }
          ]
        }
      }
    },
    {
      "client_info": {
        "mobilesdk_app_id": "1:205563217511:android:ad596a80d757b99fb076c2",
        "android_client_info": {
          "package_name": "com.example.notetaker"
        }
      },
      "oauth_client": [
        {
          "client_id": "205563217511-fknroo66vm9ec7f8qolcjkp7qsoi681r.apps.googleusercontent.com",
          "client_type": 3
        }
      ],
      "api_key": [
        {
          "current_key": "AIzaSyC3PTgib6z3hFwJjCULWAg9yay98-KNneU"
        }
      ],
      "services": {
        "appinvite_service": {
          "other_platform_oauth_client": [
            {
              "client_id": "205563217511-fknroo66vm9ec7f8qolcjkp7qsoi681r.apps.googleusercontent.com",
              "client_type": 3
            }
          ]
        }
      }
    }
  ],
  "configuration_version": "1"
}